{"cameraMode":{"drawMode":0,"name":"Shaded","section":"Shading Mode"},"sceneLighting":false,"audioPlay":false,"sceneViewState":{"showFog":true,"showMaterialUpdate":false,"showSkybox":true,"showFlares":true,"showImageEffects":true,"showParticleSystems":true},"in2DMode":false,"pivot":{"x":414.7100830078125,"y":85.94747924804688,"z":-29.0},"rotation":{"x":-0.029363954439759256,"y":0.04496542364358902,"z":0.0013221659464761615,"w":0.9985566139221191},"size":175.79591369628907,"orthographic":false}